Zip Code,region_name_ge,region_name_nl,region_name_fr
3211,,Vlaams Gewest,Région flamande
1910,,Vlaams Gewest,Région flamande
9120,,Vlaams Gewest,Région flamande
9520,,Vlaams Gewest,Région flamande
9667,,Vlaams Gewest,Région flamande
4452,Wallonische Region,Waals Gewest,Région wallonne
4101,Wallonische Region,Waals Gewest,Région wallonne
4210,Wallonische Region,Waals Gewest,Région wallonne
4802,Wallonische Region,Waals Gewest,Région wallonne
4900,Wallonische Region,Waals Gewest,Région wallonne
6470,Wallonische Region,Waals Gewest,Région wallonne
7801,Wallonische Region,Waals Gewest,Région wallonne
7080,Wallonische Region,Waals Gewest,Région wallonne
7811,Wallonische Region,Waals Gewest,Région wallonne
6031,Wallonische Region,Waals Gewest,Région wallonne
7640,Wallonische Region,Waals Gewest,Région wallonne
7782,Wallonische Region,Waals Gewest,Région wallonne
7743,Wallonische Region,Waals Gewest,Région wallonne
6591,Wallonische Region,Waals Gewest,Région wallonne
7180,Wallonische Region,Waals Gewest,Région wallonne
6182,Wallonische Region,Waals Gewest,Région wallonne
7011,Wallonische Region,Waals Gewest,Région wallonne
7502,Wallonische Region,Waals Gewest,Région wallonne
6590,Wallonische Region,Waals Gewest,Région wallonne
7062,Wallonische Region,Waals Gewest,Région wallonne
6223,Wallonische Region,Waals Gewest,Région wallonne
1110,,Brussels Hoofdstedelijk Gewest,Région de Bruxelles-Capitale
1005,,Brussels Hoofdstedelijk Gewest,Région de Bruxelles-Capitale
1310,Wallonische Region,Waals Gewest,Région wallonne
2980,,Vlaams Gewest,Région flamande
2960,,Vlaams Gewest,Région flamande
2222,,Vlaams Gewest,Région flamande
2580,,Vlaams Gewest,Région flamande
5520,Wallonische Region,Waals Gewest,Région wallonne
5070,Wallonische Region,Waals Gewest,Région wallonne
5336,Wallonische Region,Waals Gewest,Région wallonne
3670,,Vlaams Gewest,Région flamande
3732,,Vlaams Gewest,Région flamande
3940,,Vlaams Gewest,Région flamande
3960,,Vlaams Gewest,Région flamande
8340,,Vlaams Gewest,Région flamande
8420,,Vlaams Gewest,Région flamande
8511,,Vlaams Gewest,Région flamande
8573,,Vlaams Gewest,Région flamande
8780,,Vlaams Gewest,Région flamande
6706,Wallonische Region,Waals Gewest,Région wallonne
6760,Wallonische Region,Waals Gewest,Région wallonne
3391,,Vlaams Gewest,Région flamande
1980,,Vlaams Gewest,Région flamande
3071,,Vlaams Gewest,Région flamande
9500,,Vlaams Gewest,Région flamande
4607,Wallonische Region,Waals Gewest,Région wallonne
4730,Wallonische Region,Waals Gewest,Région wallonne
4050,Wallonische Region,Waals Gewest,Région wallonne
4601,Wallonische Region,Waals Gewest,Région wallonne
4784,Wallonische Region,Waals Gewest,Région wallonne
4920,Wallonische Region,Waals Gewest,Région wallonne
4042,Wallonische Region,Waals Gewest,Région wallonne
7320,Wallonische Region,Waals Gewest,Région wallonne
7830,Wallonische Region,Waals Gewest,Région wallonne
7641,Wallonische Region,Waals Gewest,Région wallonne
1040,,Brussels Hoofdstedelijk Gewest,Région de Bruxelles-Capitale
1342,Wallonische Region,Waals Gewest,Région wallonne
1472,Wallonische Region,Waals Gewest,Région wallonne
2200,,Vlaams Gewest,Région flamande
2900,,Vlaams Gewest,Région flamande
2240,,Vlaams Gewest,Région flamande
2940,,Vlaams Gewest,Région flamande
5500,Wallonische Region,Waals Gewest,Région wallonne
5022,Wallonische Region,Waals Gewest,Région wallonne
5541,Wallonische Region,Waals Gewest,Région wallonne
5542,Wallonische Region,Waals Gewest,Région wallonne
5520,Wallonische Region,Waals Gewest,Région wallonne
3550,,Vlaams Gewest,Région flamande
3793,,Vlaams Gewest,Région flamande
3803,,Vlaams Gewest,Région flamande
3830,,Vlaams Gewest,Région flamande
3831,,Vlaams Gewest,Région flamande
8370,,Vlaams Gewest,Région flamande
8430,,Vlaams Gewest,Région flamande
8680,,Vlaams Gewest,Région flamande
8740,,Vlaams Gewest,Région flamande
8900,,Vlaams Gewest,Région flamande
6662,Wallonische Region,Waals Gewest,Région wallonne
6672,Wallonische Region,Waals Gewest,Région wallonne
6970,Wallonische Region,Waals Gewest,Région wallonne
1831,,Vlaams Gewest,Région flamande
3320,,Vlaams Gewest,Région flamande
6860,Wallonische Region,Waals Gewest,Région wallonne
4180,Wallonische Region,Waals Gewest,Région wallonne
4682,Wallonische Region,Waals Gewest,Région wallonne
4317,Wallonische Region,Waals Gewest,Région wallonne
4340,Wallonische Region,Waals Gewest,Région wallonne
4460,Wallonische Region,Waals Gewest,Région wallonne
4720,Wallonische Region,Waals Gewest,Région wallonne
7031,Wallonische Region,Waals Gewest,Région wallonne
7322,Wallonische Region,Waals Gewest,Région wallonne
6043,Wallonische Region,Waals Gewest,Région wallonne
7621,Wallonische Region,Waals Gewest,Région wallonne
6222,Wallonische Region,Waals Gewest,Région wallonne
7866,Wallonische Region,Waals Gewest,Région wallonne
7950,Wallonische Region,Waals Gewest,Région wallonne
1047,,Brussels Hoofdstedelijk Gewest,Région de Bruxelles-Capitale
1099,,Brussels Hoofdstedelijk Gewest,Région de Bruxelles-Capitale
1040,,Brussels Hoofdstedelijk Gewest,Région de Bruxelles-Capitale
2380,,Vlaams Gewest,Région flamande
2020,,Vlaams Gewest,Région flamande
2018,,Vlaams Gewest,Région flamande
5360,Wallonische Region,Waals Gewest,Région wallonne
5646,Wallonische Region,Waals Gewest,Région wallonne
5503,Wallonische Region,Waals Gewest,Région wallonne
5563,Wallonische Region,Waals Gewest,Région wallonne
5002,Wallonische Region,Waals Gewest,Région wallonne
3832,,Vlaams Gewest,Région flamande
8600,,Vlaams Gewest,Région flamande
8920,,Vlaams Gewest,Région flamande
6720,Wallonische Region,Waals Gewest,Région wallonne
6823,Wallonische Region,Waals Gewest,Région wallonne
6927,Wallonische Region,Waals Gewest,Région wallonne
1500,,Vlaams Gewest,Région flamande
3454,,Vlaams Gewest,Région flamande
1850,,Vlaams Gewest,Région flamande
1970,,Vlaams Gewest,Région flamande
9075,,Vlaams Gewest,Région flamande
9870,,Vlaams Gewest,Région flamande
9040,,Vlaams Gewest,Région flamande
9961,,Vlaams Gewest,Région flamande
9060,,Vlaams Gewest,Région flamande
9990,,Vlaams Gewest,Région flamande
1741,,Vlaams Gewest,Région flamande
1982,,Vlaams Gewest,Région flamande
9620,,Vlaams Gewest,Région flamande
9451,,Vlaams Gewest,Région flamande
9000,,Vlaams Gewest,Région flamande
4550,Wallonische Region,Waals Gewest,Région wallonne
4653,Wallonische Region,Waals Gewest,Région wallonne
4845,Wallonische Region,Waals Gewest,Région wallonne
7340,Wallonische Region,Waals Gewest,Région wallonne
7900,Wallonische Region,Waals Gewest,Région wallonne
7812,Wallonische Region,Waals Gewest,Région wallonne
7050,Wallonische Region,Waals Gewest,Région wallonne
7951,Wallonische Region,Waals Gewest,Région wallonne
1012,,Brussels Hoofdstedelijk Gewest,Région de Bruxelles-Capitale
1007,,Brussels Hoofdstedelijk Gewest,Région de Bruxelles-Capitale
1140,,Brussels Hoofdstedelijk Gewest,Région de Bruxelles-Capitale
1360,Wallonische Region,Waals Gewest,Région wallonne
1430,Wallonische Region,Waals Gewest,Région wallonne
1476,Wallonische Region,Waals Gewest,Région wallonne
1495,Wallonische Region,Waals Gewest,Région wallonne
2430,,Vlaams Gewest,Région flamande
2328,,Vlaams Gewest,Région flamande
2820,,Vlaams Gewest,Région flamande
2260,,Vlaams Gewest,Région flamande
2811,,Vlaams Gewest,Région flamande
2110,,Vlaams Gewest,Région flamande
5504,Wallonische Region,Waals Gewest,Région wallonne
5574,Wallonische Region,Waals Gewest,Région wallonne
3630,,Vlaams Gewest,Région flamande
3730,,Vlaams Gewest,Région flamande
8020,,Vlaams Gewest,Région flamande
8200,,Vlaams Gewest,Région flamande
8380,,Vlaams Gewest,Région flamande
8420,,Vlaams Gewest,Région flamande
8581,,Vlaams Gewest,Région flamande
6741,Wallonische Region,Waals Gewest,Région wallonne
6800,Wallonische Region,Waals Gewest,Région wallonne
6880,Wallonische Region,Waals Gewest,Région wallonne
6922,Wallonische Region,Waals Gewest,Région wallonne
6951,Wallonische Region,Waals Gewest,Région wallonne
6982,Wallonische Region,Waals Gewest,Région wallonne
1733,,Vlaams Gewest,Région flamande
1853,,Vlaams Gewest,Région flamande
1930,,Vlaams Gewest,Région flamande
3051,,Vlaams Gewest,Région flamande
1740,,Vlaams Gewest,Région flamande
3461,,Vlaams Gewest,Région flamande
8900,,Vlaams Gewest,Région flamande
8930,,Vlaams Gewest,Région flamande
6680,Wallonische Region,Waals Gewest,Région wallonne
6704,Wallonische Region,Waals Gewest,Région wallonne
6740,Wallonische Region,Waals Gewest,Région wallonne
3400,,Vlaams Gewest,Région flamande
1800,,Vlaams Gewest,Région flamande
1840,,Vlaams Gewest,Région flamande
5300,Wallonische Region,Waals Gewest,Région wallonne
5544,Wallonische Region,Waals Gewest,Région wallonne
5004,Wallonische Region,Waals Gewest,Région wallonne
3806,,Vlaams Gewest,Région flamande
8530,,Vlaams Gewest,Région flamande
1701,,Vlaams Gewest,Région flamande
9310,,Vlaams Gewest,Région flamande
9042,,Vlaams Gewest,Région flamande
9520,,Vlaams Gewest,Région flamande
9552,,Vlaams Gewest,Région flamande
4728,Wallonische Region,Waals Gewest,Région wallonne
4520,Wallonische Region,Waals Gewest,Région wallonne
4987,Wallonische Region,Waals Gewest,Région wallonne
4557,Wallonische Region,Waals Gewest,Région wallonne
7130,Wallonische Region,Waals Gewest,Région wallonne
7503,Wallonische Region,Waals Gewest,Région wallonne
7622,Wallonische Region,Waals Gewest,Région wallonne
7603,Wallonische Region,Waals Gewest,Région wallonne
7041,Wallonische Region,Waals Gewest,Région wallonne
1170,,Brussels Hoofdstedelijk Gewest,Région de Bruxelles-Capitale
1332,Wallonische Region,Waals Gewest,Région wallonne
1435,Wallonische Region,Waals Gewest,Région wallonne
1471,Wallonische Region,Waals Gewest,Région wallonne
1480,Wallonische Region,Waals Gewest,Région wallonne
2300,,Vlaams Gewest,Région flamande
2322,,,
2370,,Vlaams Gewest,Région flamande
2243,,Vlaams Gewest,Région flamande
2160,,Vlaams Gewest,Région flamande
6674,Wallonische Region,Waals Gewest,Région wallonne
6830,Wallonische Region,Waals Gewest,Région wallonne
6941,Wallonische Region,Waals Gewest,Région wallonne
3390,,Vlaams Gewest,Région flamande
3202,,Vlaams Gewest,Région flamande
1600,,Vlaams Gewest,Région flamande
3060,,Vlaams Gewest,Région flamande
9099,,Vlaams Gewest,Région flamande
9220,,Vlaams Gewest,Région flamande
9772,,Vlaams Gewest,Région flamande
9992,,Vlaams Gewest,Région flamande
4263,Wallonische Region,Waals Gewest,Région wallonne
4253,Wallonische Region,Waals Gewest,Région wallonne
4850,Wallonische Region,Waals Gewest,Région wallonne
4983,Wallonische Region,Waals Gewest,Région wallonne
4030,Wallonische Region,Waals Gewest,Région wallonne
4837,Wallonische Region,Waals Gewest,Région wallonne
4190,Wallonische Region,Waals Gewest,Région wallonne
4731,Wallonische Region,Waals Gewest,Région wallonne
4950,Wallonische Region,Waals Gewest,Région wallonne
4684,Wallonische Region,Waals Gewest,Région wallonne
4250,Wallonische Region,Waals Gewest,Région wallonne
7540,Wallonische Region,Waals Gewest,Région wallonne
7181,Wallonische Region,Waals Gewest,Région wallonne
7760,Wallonische Region,Waals Gewest,Région wallonne
7530,Wallonische Region,Waals Gewest,Région wallonne
7618,Wallonische Region,Waals Gewest,Région wallonne
7912,Wallonische Region,Waals Gewest,Région wallonne
6000,Wallonische Region,Waals Gewest,Région wallonne
7904,Wallonische Region,Waals Gewest,Région wallonne
7380,Wallonische Region,Waals Gewest,Région wallonne
7070,Wallonische Region,Waals Gewest,Région wallonne
1000,,Brussels Hoofdstedelijk Gewest,Région de Bruxelles-Capitale
1160,,Brussels Hoofdstedelijk Gewest,Région de Bruxelles-Capitale
1340,Wallonische Region,Waals Gewest,Région wallonne
2570,,Vlaams Gewest,Région flamande
2830,,Vlaams Gewest,Région flamande
2450,,Vlaams Gewest,Région flamande
2560,,Vlaams Gewest,Région flamande
2223,,Vlaams Gewest,Région flamande
2800,,Vlaams Gewest,Région flamande
5521,Wallonische Region,Waals Gewest,Région wallonne
5100,Wallonische Region,Waals Gewest,Région wallonne
5332,Wallonische Region,Waals Gewest,Région wallonne
3680,,Vlaams Gewest,Région flamande
3740,,Vlaams Gewest,Région flamande
8940,,Vlaams Gewest,Région flamande
8952,,Vlaams Gewest,Région flamande
6637,Wallonische Region,Waals Gewest,Région wallonne
4630,Wallonische Region,Waals Gewest,Région wallonne
7750,Wallonische Region,Waals Gewest,Région wallonne
6140,Wallonische Region,Waals Gewest,Région wallonne
7941,Wallonische Region,Waals Gewest,Région wallonne
7350,Wallonische Region,Waals Gewest,Région wallonne
7170,Wallonische Region,Waals Gewest,Région wallonne
7780,Wallonische Region,Waals Gewest,Région wallonne
1041,,Brussels Hoofdstedelijk Gewest,Région de Bruxelles-Capitale
1046,,Brussels Hoofdstedelijk Gewest,Région de Bruxelles-Capitale
1402,Wallonische Region,Waals Gewest,Région wallonne
2323,,Vlaams Gewest,Région flamande
2400,,Vlaams Gewest,Région flamande
5376,Wallonische Region,Waals Gewest,Région wallonne
5530,Wallonische Region,Waals Gewest,Région wallonne
5573,Wallonische Region,Waals Gewest,Région wallonne
5361,Wallonische Region,Waals Gewest,Région wallonne
3600,,Vlaams Gewest,Région flamande
3700,,Vlaams Gewest,Région flamande
3990,,Vlaams Gewest,Région flamande
8000,,Vlaams Gewest,Région flamande
8400,,Vlaams Gewest,Région flamande
8431,,Vlaams Gewest,Région flamande
8572,,Vlaams Gewest,Région flamande
8630,,Vlaams Gewest,Région flamande
8670,,Vlaams Gewest,Région flamande
6671,Wallonische Region,Waals Gewest,Région wallonne
6810,Wallonische Region,Waals Gewest,Région wallonne
6832,Wallonische Region,Waals Gewest,Région wallonne
6952,Wallonische Region,Waals Gewest,Région wallonne
6953,Wallonische Region,Waals Gewest,Région wallonne
1745,,Vlaams Gewest,Région flamande
3294,,Vlaams Gewest,Région flamande
1750,,Vlaams Gewest,Région flamande
9472,,Vlaams Gewest,Région flamande
9680,,Vlaams Gewest,Région flamande
9450,,Vlaams Gewest,Région flamande
9401,,Vlaams Gewest,Région flamande
9820,,Vlaams Gewest,Région flamande
4432,Wallonische Region,Waals Gewest,Région wallonne
4102,Wallonische Region,Waals Gewest,Région wallonne
4160,Wallonische Region,Waals Gewest,Région wallonne
4960,Wallonische Region,Waals Gewest,Région wallonne
7784,Wallonische Region,Waals Gewest,Région wallonne
6240,Wallonische Region,Waals Gewest,Région wallonne
6041,Wallonische Region,Waals Gewest,Région wallonne
5370,Wallonische Region,Waals Gewest,Région wallonne
5564,Wallonische Region,Waals Gewest,Région wallonne
5555,Wallonische Region,Waals Gewest,Région wallonne
5360,Wallonische Region,Waals Gewest,Région wallonne
5032,Wallonische Region,Waals Gewest,Région wallonne
5380,Wallonische Region,Waals Gewest,Région wallonne
3621,,Vlaams Gewest,Région flamande
3770,,Vlaams Gewest,Région flamande
3790,,Vlaams Gewest,Région flamande
8210,,Vlaams Gewest,Région flamande
8490,,Vlaams Gewest,Région flamande
8552,,Vlaams Gewest,Région flamande
8720,,Vlaams Gewest,Région flamande
8730,,Vlaams Gewest,Région flamande
8851,,Vlaams Gewest,Région flamande
6666,Wallonische Region,Waals Gewest,Région wallonne
6690,Wallonische Region,Waals Gewest,Région wallonne
6730,Wallonische Region,Waals Gewest,Région wallonne
6747,Wallonische Region,Waals Gewest,Région wallonne
6890,Wallonische Region,Waals Gewest,Région wallonne
3440,,Vlaams Gewest,Région flamande
3150,,Vlaams Gewest,Région flamande
3404,,Vlaams Gewest,Région flamande
3290,,Vlaams Gewest,Région flamande
3321,,Vlaams Gewest,Région flamande
9690,,Vlaams Gewest,Région flamande
9750,,Vlaams Gewest,Région flamande
9070,,Vlaams Gewest,Région flamande
9661,,Vlaams Gewest,Région flamande
9240,,Vlaams Gewest,Région flamande
9080,,Vlaams Gewest,Région flamande
4860,Wallonische Region,Waals Gewest,Région wallonne
4690,Wallonische Region,Waals Gewest,Région wallonne
4841,Wallonische Region,Waals Gewest,Région wallonne
4130,Wallonische Region,Waals Gewest,Région wallonne
7863,Wallonische Region,Waals Gewest,Région wallonne
6460,Wallonische Region,Waals Gewest,Région wallonne
6511,Wallonische Region,Waals Gewest,Région wallonne
7548,Wallonische Region,Waals Gewest,Région wallonne
7700,Wallonische Region,Waals Gewest,Région wallonne
1031,,Brussels Hoofdstedelijk Gewest,Région de Bruxelles-Capitale
1008,,Brussels Hoofdstedelijk Gewest,Région de Bruxelles-Capitale
1300,Wallonische Region,Waals Gewest,Région wallonne
1420,Wallonische Region,Waals Gewest,Région wallonne
5630,Wallonische Region,Waals Gewest,Région wallonne
5561,Wallonische Region,Waals Gewest,Région wallonne
5140,Wallonische Region,Waals Gewest,Région wallonne
5660,Wallonische Region,Waals Gewest,Région wallonne
5031,Wallonische Region,Waals Gewest,Région wallonne
5570,Wallonische Region,Waals Gewest,Région wallonne
3723,,Vlaams Gewest,Région flamande
3840,,Vlaams Gewest,Région flamande
3910,,Vlaams Gewest,Région flamande
8377,,Vlaams Gewest,Région flamande
8432,,Vlaams Gewest,Région flamande
8520,,Vlaams Gewest,Région flamande
8840,,Vlaams Gewest,Région flamande
6700,Wallonische Region,Waals Gewest,Région wallonne
6824,Wallonische Region,Waals Gewest,Région wallonne
6838,Wallonische Region,Waals Gewest,Région wallonne
6924,Wallonische Region,Waals Gewest,Région wallonne
1630,,Vlaams Gewest,Région flamande
3040,,Vlaams Gewest,Région flamande
9,,Vlaams Gewest,Région flamande
3000,,Vlaams Gewest,Région flamande
1602,,Vlaams Gewest,Région flamande
3350,,Vlaams Gewest,Région flamande
1932,,Vlaams Gewest,Région flamande
3070,,Vlaams Gewest,Région flamande
4710,Wallonische Region,Waals Gewest,Région wallonne
4453,Wallonische Region,Waals Gewest,Région wallonne
6060,Wallonische Region,Waals Gewest,Région wallonne
7040,Wallonische Region,Waals Gewest,Région wallonne
6536,Wallonische Region,Waals Gewest,Région wallonne
7804,Wallonische Region,Waals Gewest,Région wallonne
6542,Wallonische Region,Waals Gewest,Région wallonne
6461,Wallonische Region,Waals Gewest,Région wallonne
7531,Wallonische Region,Waals Gewest,Région wallonne
7532,Wallonische Region,Waals Gewest,Région wallonne
1000,,Brussels Hoofdstedelijk Gewest,Région de Bruxelles-Capitale
1390,Wallonische Region,Waals Gewest,Région wallonne
2235,,Vlaams Gewest,Région flamande
9550,,Vlaams Gewest,Région flamande
9100,,Vlaams Gewest,Région flamande
9988,,Vlaams Gewest,Région flamande
9250,,Vlaams Gewest,Région flamande
9150,,Vlaams Gewest,Région flamande
9810,,Vlaams Gewest,Région flamande
9400,,Vlaams Gewest,Région flamande
4590,Wallonische Region,Waals Gewest,Région wallonne
4606,Wallonische Region,Waals Gewest,Région wallonne
4880,Wallonische Region,Waals Gewest,Région wallonne
4831,Wallonische Region,Waals Gewest,Région wallonne
5571,Wallonische Region,Waals Gewest,Région wallonne
5080,Wallonische Region,Waals Gewest,Région wallonne
5543,Wallonische Region,Waals Gewest,Région wallonne
3581,,Vlaams Gewest,Région flamande
3583,,Vlaams Gewest,Région flamande
3590,,Vlaams Gewest,Région flamande
3640,,Vlaams Gewest,Région flamande
3717,,Vlaams Gewest,Région flamande
3722,,Vlaams Gewest,Région flamande
3891,,Vlaams Gewest,Région flamande
3980,,Vlaams Gewest,Région flamande
8550,,Vlaams Gewest,Région flamande
8553,,Vlaams Gewest,Région flamande
8691,,Vlaams Gewest,Région flamande
8700,,Vlaams Gewest,Région flamande
8760,,Vlaams Gewest,Région flamande
6840,Wallonische Region,Waals Gewest,Région wallonne
6870,Wallonische Region,Waals Gewest,Région wallonne
6983,Wallonische Region,Waals Gewest,Région wallonne
6987,Wallonische Region,Waals Gewest,Région wallonne
3120,,Vlaams Gewest,Région flamande
1541,,Vlaams Gewest,Région flamande
3270,,Vlaams Gewest,Région flamande
2310,,Vlaams Gewest,Région flamande
2547,,Vlaams Gewest,Région flamande
2845,,Vlaams Gewest,Région flamande
2060,,Vlaams Gewest,Région flamande
2627,,Vlaams Gewest,Région flamande
2381,,Vlaams Gewest,Région flamande
2150,,Vlaams Gewest,Région flamande
2387,,Vlaams Gewest,Région flamande
7504,Wallonische Region,Waals Gewest,Région wallonne
7822,Wallonische Region,Waals Gewest,Région wallonne
1401,Wallonische Region,Waals Gewest,Région wallonne
1460,Wallonische Region,Waals Gewest,Région wallonne
2640,,Vlaams Gewest,Région flamande
2382,,Vlaams Gewest,Région flamande
3472,,Vlaams Gewest,Région flamande
3272,,Vlaams Gewest,Région flamande
3212,,Vlaams Gewest,Région flamande
1640,,Vlaams Gewest,Région flamande
3450,,Vlaams Gewest,Région flamande
1540,,Vlaams Gewest,Région flamande
9473,,Vlaams Gewest,Région flamande
9112,,Vlaams Gewest,Région flamande
9031,,Vlaams Gewest,Région flamande
9308,,Vlaams Gewest,Région flamande
4730,Wallonische Region,Waals Gewest,Région wallonne
4632,Wallonische Region,Waals Gewest,Région wallonne
4351,Wallonische Region,Waals Gewest,Région wallonne
4480,Wallonische Region,Waals Gewest,Région wallonne
4910,Wallonische Region,Waals Gewest,Région wallonne
7510,Wallonische Region,Waals Gewest,Région wallonne
7020,Wallonische Region,Waals Gewest,Région wallonne
6534,Wallonische Region,Waals Gewest,Région wallonne
7860,Wallonische Region,Waals Gewest,Région wallonne
7330,Wallonische Region,Waals Gewest,Région wallonne
7864,Wallonische Region,Waals Gewest,Région wallonne
7100,Wallonische Region,Waals Gewest,Région wallonne
6531,Wallonische Region,Waals Gewest,Région wallonne
6997,Wallonische Region,Waals Gewest,Région wallonne
1654,,Vlaams Gewest,Région flamande
3118,,Vlaams Gewest,Région flamande
5621,Wallonische Region,Waals Gewest,Région wallonne
5640,Wallonische Region,Waals Gewest,Région wallonne
5537,Wallonische Region,Waals Gewest,Région wallonne
5020,Wallonische Region,Waals Gewest,Région wallonne
5377,Wallonische Region,Waals Gewest,Région wallonne
5081,Wallonische Region,Waals Gewest,Région wallonne
3501,,Vlaams Gewest,Région flamande
3620,,Vlaams Gewest,Région flamande
3950,,Vlaams Gewest,Région flamande
8850,,Vlaams Gewest,Région flamande
6821,Wallonische Region,Waals Gewest,Région wallonne
6834,Wallonische Region,Waals Gewest,Région wallonne
6852,Wallonische Region,Waals Gewest,Région wallonne
6853,Wallonische Region,Waals Gewest,Région wallonne
1653,,Vlaams Gewest,Région flamande
9270,,Vlaams Gewest,Région flamande
9290,,Vlaams Gewest,Région flamande
9681,,Vlaams Gewest,Région flamande
4761,Wallonische Region,Waals Gewest,Région wallonne
4140,Wallonische Region,Waals Gewest,Région wallonne
4877,Wallonische Region,Waals Gewest,Région wallonne
4670,Wallonische Region,Waals Gewest,Région wallonne
4750,Wallonische Region,Waals Gewest,Région wallonne
4780,Wallonische Region,Waals Gewest,Région wallonne
4051,Wallonische Region,Waals Gewest,Région wallonne
4652,Wallonische Region,Waals Gewest,Région wallonne
7740,Wallonische Region,Waals Gewest,Région wallonne
6221,Wallonische Region,Waals Gewest,Région wallonne
7942,Wallonische Region,Waals Gewest,Région wallonne
7332,Wallonische Region,Waals Gewest,Région wallonne
7010,Wallonische Region,Waals Gewest,Région wallonne
6500,Wallonische Region,Waals Gewest,Région wallonne
6250,Wallonische Region,Waals Gewest,Région wallonne
7624,Wallonische Region,Waals Gewest,Région wallonne
7611,Wallonische Region,Waals Gewest,Région wallonne
7130,Wallonische Region,Waals Gewest,Région wallonne
6560,Wallonische Region,Waals Gewest,Région wallonne
7711,Wallonische Region,Waals Gewest,Région wallonne
6210,Wallonische Region,Waals Gewest,Région wallonne
7190,Wallonische Region,Waals Gewest,Région wallonne
1120,,Brussels Hoofdstedelijk Gewest,Région de Bruxelles-Capitale
1150,,Brussels Hoofdstedelijk Gewest,Région de Bruxelles-Capitale
1320,Wallonische Region,Waals Gewest,Région wallonne
1331,Wallonische Region,Waals Gewest,Région wallonne
1348,Wallonische Region,Waals Gewest,Région wallonne
1404,Wallonische Region,Waals Gewest,Région wallonne
2520,,Vlaams Gewest,Région flamande
2490,,Vlaams Gewest,Région flamande
2530,,Vlaams Gewest,Région flamande
2270,,Vlaams Gewest,Région flamande
3470,,Vlaams Gewest,Région flamande
9404,,Vlaams Gewest,Région flamande
9840,,Vlaams Gewest,Région flamande
9506,,Vlaams Gewest,Région flamande
9160,,Vlaams Gewest,Région flamande
9900,,Vlaams Gewest,Région flamande
4420,Wallonische Region,Waals Gewest,Région wallonne
6150,Wallonische Region,Waals Gewest,Région wallonne
7610,Wallonische Region,Waals Gewest,Région wallonne
7522,Wallonische Region,Waals Gewest,Région wallonne
7370,Wallonische Region,Waals Gewest,Région wallonne
7602,Wallonische Region,Waals Gewest,Région wallonne
6010,Wallonische Region,Waals Gewest,Région wallonne
7321,Wallonische Region,Waals Gewest,Région wallonne
7906,Wallonische Region,Waals Gewest,Région wallonne
7608,Wallonische Region,Waals Gewest,Région wallonne
1315,Wallonische Region,Waals Gewest,Région wallonne
1473,Wallonische Region,Waals Gewest,Région wallonne
2280,,Vlaams Gewest,Région flamande
2040,,Vlaams Gewest,Région flamande
4287,Wallonische Region,Waals Gewest,Région wallonne
4620,Wallonische Region,Waals Gewest,Région wallonne
4217,Wallonische Region,Waals Gewest,Région wallonne
5372,Wallonische Region,Waals Gewest,Région wallonne
5354,Wallonische Region,Waals Gewest,Région wallonne
5021,Wallonische Region,Waals Gewest,Région wallonne
3790,,Vlaams Gewest,Région flamande
3900,,Vlaams Gewest,Région flamande
8433,,Vlaams Gewest,Région flamande
8583,,Vlaams Gewest,Région flamande
8810,,Vlaams Gewest,Région flamande
8870,,Vlaams Gewest,Région flamande
6673,Wallonische Region,Waals Gewest,Région wallonne
6681,Wallonische Region,Waals Gewest,Région wallonne
6690,Wallonische Region,Waals Gewest,Région wallonne
6792,Wallonische Region,Waals Gewest,Région wallonne
6833,Wallonische Region,Waals Gewest,Région wallonne
1770,,Vlaams Gewest,Région flamande
3473,,Vlaams Gewest,Région flamande
3020,,Vlaams Gewest,Région flamande
1981,,Vlaams Gewest,Région flamande
5003,Wallonische Region,Waals Gewest,Région wallonne
5340,Wallonische Region,Waals Gewest,Région wallonne
6661,Wallonische Region,Waals Gewest,Région wallonne
5576,Wallonische Region,Waals Gewest,Région wallonne
5352,Wallonische Region,Waals Gewest,Région wallonne
5570,Wallonische Region,Waals Gewest,Région wallonne
5644,Wallonische Region,Waals Gewest,Région wallonne
5522,Wallonische Region,Waals Gewest,Région wallonne
3510,,Vlaams Gewest,Région flamande
3512,,Vlaams Gewest,Région flamande
8434,,Vlaams Gewest,Région flamande
8560,,Vlaams Gewest,Région flamande
8908,,Vlaams Gewest,Région flamande
8972,,Vlaams Gewest,Région flamande
6782,Wallonische Region,Waals Gewest,Région wallonne
6812,Wallonische Region,Waals Gewest,Région wallonne
6820,Wallonische Region,Waals Gewest,Région wallonne
6830,Wallonische Region,Waals Gewest,Région wallonne
1830,,Vlaams Gewest,Région flamande
3128,,Vlaams Gewest,Région flamande
1933,,Vlaams Gewest,Région flamande
1703,,Vlaams Gewest,Région flamande
3050,,Vlaams Gewest,Région flamande
1731,,Vlaams Gewest,Région flamande
9932,,Vlaams Gewest,Région flamande
9968,,Vlaams Gewest,Région flamande
9636,,Vlaams Gewest,Région flamande
9041,,Vlaams Gewest,Région flamande
4861,Wallonische Region,Waals Gewest,Région wallonne
4120,Wallonische Region,Waals Gewest,Région wallonne
4623,Wallonische Region,Waals Gewest,Région wallonne
4711,Wallonische Region,Waals Gewest,Région wallonne
4651,Wallonische Region,Waals Gewest,Région wallonne
4830,Wallonische Region,Waals Gewest,Région wallonne
4431,Wallonische Region,Waals Gewest,Région wallonne
4261,Wallonische Region,Waals Gewest,Région wallonne
4600,Wallonische Region,Waals Gewest,Région wallonne
7140,Wallonische Region,Waals Gewest,Région wallonne
6061,Wallonische Region,Waals Gewest,Région wallonne
7730,Wallonische Region,Waals Gewest,Région wallonne
7521,Wallonische Region,Waals Gewest,Région wallonne
7110,Wallonische Region,Waals Gewest,Région wallonne
6567,Wallonische Region,Waals Gewest,Région wallonne
7334,Wallonische Region,Waals Gewest,Région wallonne
6211,Wallonische Region,Waals Gewest,Région wallonne
1070,,Brussels Hoofdstedelijk Gewest,Région de Bruxelles-Capitale
1325,Wallonische Region,Waals Gewest,Région wallonne
1440,Wallonische Region,Waals Gewest,Région wallonne
1457,Wallonische Region,Waals Gewest,Région wallonne
1470,Wallonische Region,Waals Gewest,Région wallonne
1490,Wallonische Region,Waals Gewest,Région wallonne
2620,,Vlaams Gewest,Région flamande
2860,,Vlaams Gewest,Région flamande
2550,,Vlaams Gewest,Région flamande
2390,,Vlaams Gewest,Région flamande
2470,,Vlaams Gewest,Région flamande
2460,,Vlaams Gewest,Région flamande
2890,,Vlaams Gewest,Région flamande
2000,,Vlaams Gewest,Région flamande
2140,,Vlaams Gewest,Région flamande
1780,,Vlaams Gewest,Région flamande
9402,,Vlaams Gewest,Région flamande
9920,,Vlaams Gewest,Région flamande
9185,,Vlaams Gewest,Région flamande
9030,,Vlaams Gewest,Région flamande
9140,,Vlaams Gewest,Région flamande
4141,Wallonische Region,Waals Gewest,Région wallonne
4570,Wallonische Region,Waals Gewest,Région wallonne
6464,Wallonische Region,Waals Gewest,Région wallonne
7861,Wallonische Region,Waals Gewest,Région wallonne
7131,Wallonische Region,Waals Gewest,Région wallonne
6044,Wallonische Region,Waals Gewest,Région wallonne
6030,Wallonische Region,Waals Gewest,Région wallonne
7134,Wallonische Region,Waals Gewest,Région wallonne
6181,Wallonische Region,Waals Gewest,Région wallonne
7382,Wallonische Region,Waals Gewest,Région wallonne
7301,Wallonische Region,Waals Gewest,Région wallonne
6230,Wallonische Region,Waals Gewest,Région wallonne
1130,,Brussels Hoofdstedelijk Gewest,Région de Bruxelles-Capitale
1410,Wallonische Region,Waals Gewest,Région wallonne
1474,Wallonische Region,Waals Gewest,Région wallonne
2350,,Vlaams Gewest,Région flamande
2870,,Vlaams Gewest,Région flamande
2360,,Vlaams Gewest,Région flamande
5364,Wallonische Region,Waals Gewest,Région wallonne
8640,,Vlaams Gewest,Région flamande
8690,,Vlaams Gewest,Région flamande
8791,,Vlaams Gewest,Région flamande
8880,,Vlaams Gewest,Région flamande
6600,Wallonische Region,Waals Gewest,Région wallonne
6688,Wallonische Region,Waals Gewest,Région wallonne
6692,Wallonische Region,Waals Gewest,Région wallonne
6769,Wallonische Region,Waals Gewest,Région wallonne
6980,Wallonische Region,Waals Gewest,Région wallonne
1860,,Vlaams Gewest,Région flamande
1650,,Vlaams Gewest,Région flamande
1742,,Vlaams Gewest,Région flamande
5001,Wallonische Region,Waals Gewest,Région wallonne
5000,Wallonische Region,Waals Gewest,Région wallonne
3530,,Vlaams Gewest,Région flamande
3580,,Vlaams Gewest,Région flamande
3742,,Vlaams Gewest,Région flamande
3791,,Vlaams Gewest,Région flamande
3798,,Vlaams Gewest,Région flamande
8460,,Vlaams Gewest,Région flamande
8582,,Vlaams Gewest,Région flamande
5190,Wallonische Region,Waals Gewest,Région wallonne
5010,Wallonische Region,Waals Gewest,Région wallonne
5101,Wallonische Region,Waals Gewest,Région wallonne
5524,Wallonische Region,Waals Gewest,Région wallonne
3930,,Vlaams Gewest,Région flamande
3945,,Vlaams Gewest,Région flamande
8300,,Vlaams Gewest,Région flamande
8531,,Vlaams Gewest,Région flamande
8790,,Vlaams Gewest,Région flamande
8792,,Vlaams Gewest,Région flamande
6920,Wallonische Region,Waals Gewest,Région wallonne
9521,,Vlaams Gewest,Région flamande
4040,Wallonische Region,Waals Gewest,Région wallonne
4801,Wallonische Region,Waals Gewest,Région wallonne
4280,Wallonische Region,Waals Gewest,Région wallonne
4700,Wallonische Region,Waals Gewest,Région wallonne
4357,Wallonische Region,Waals Gewest,Région wallonne
4980,Wallonische Region,Waals Gewest,Région wallonne
6001,Wallonische Region,Waals Gewest,Région wallonne
7970,Wallonische Region,Waals Gewest,Région wallonne
7972,Wallonische Region,Waals Gewest,Région wallonne
7803,Wallonische Region,Waals Gewest,Région wallonne
6042,Wallonische Region,Waals Gewest,Région wallonne
612,,Brussels Hoofdstedelijk Gewest,Région de Bruxelles-Capitale
1000,,Brussels Hoofdstedelijk Gewest,Région de Bruxelles-Capitale
2275,,Vlaams Gewest,Région flamande
2650,,Vlaams Gewest,Région flamande
2030,,Vlaams Gewest,Région flamande
2950,,Vlaams Gewest,Région flamande
6831,Wallonische Region,Waals Gewest,Région wallonne
6971,Wallonische Region,Waals Gewest,Région wallonne
1804,,Vlaams Gewest,Région flamande
1671,,Vlaams Gewest,Région flamande
1730,,Vlaams Gewest,Région flamande
1702,,Vlaams Gewest,Région flamande
3111,,Vlaams Gewest,Région flamande
1560,,Vlaams Gewest,Région flamande
1601,,Vlaams Gewest,Région flamande
9111,,Vlaams Gewest,Région flamande
9470,,Vlaams Gewest,Région flamande
9950,,Vlaams Gewest,Région flamande
9688,,Vlaams Gewest,Région flamande
9831,,Vlaams Gewest,Région flamande
5523,Wallonische Region,Waals Gewest,Région wallonne
3800,,Vlaams Gewest,Région flamande
3941,,Vlaams Gewest,Région flamande
8554,,Vlaams Gewest,Région flamande
8904,,Vlaams Gewest,Région flamande
8954,,Vlaams Gewest,Région flamande
8956,,Vlaams Gewest,Région flamande
8970,,Vlaams Gewest,Région flamande
6900,Wallonische Region,Waals Gewest,Région wallonne
3200,,Vlaams Gewest,Région flamande
1674,,Vlaams Gewest,Région flamande
3054,,Vlaams Gewest,Région flamande
3010,,Vlaams Gewest,Région flamande
3053,,Vlaams Gewest,Région flamande
9200,,Vlaams Gewest,Région flamande
9991,,Vlaams Gewest,Région flamande
9180,,Vlaams Gewest,Région flamande
9980,,Vlaams Gewest,Région flamande
9881,,Vlaams Gewest,Région flamande
9571,,Vlaams Gewest,Région flamande
4163,Wallonische Region,Waals Gewest,Région wallonne
4990,Wallonische Region,Waals Gewest,Région wallonne
4450,Wallonische Region,Waals Gewest,Région wallonne
4970,Wallonische Region,Waals Gewest,Région wallonne
4053,Wallonische Region,Waals Gewest,Région wallonne
4681,Wallonische Region,Waals Gewest,Région wallonne
7512,Wallonische Region,Waals Gewest,Région wallonne
7620,Wallonische Region,Waals Gewest,Région wallonne
6142,Wallonische Region,Waals Gewest,Région wallonne
7862,Wallonische Region,Waals Gewest,Région wallonne
7300,Wallonische Region,Waals Gewest,Région wallonne
1105,,Brussels Hoofdstedelijk Gewest,Région de Bruxelles-Capitale
1050,,Brussels Hoofdstedelijk Gewest,Région de Bruxelles-Capitale
2320,,Vlaams Gewest,Région flamande
2321,,Vlaams Gewest,Région flamande
2531,,Vlaams Gewest,Région flamande
1700,,Vlaams Gewest,Région flamande
9860,,Vlaams Gewest,Région flamande
6630,Wallonische Region,Waals Gewest,Région wallonne
6781,Wallonische Region,Waals Gewest,Région wallonne
6813,Wallonische Region,Waals Gewest,Région wallonne
9790,,Vlaams Gewest,Région flamande
9570,,Vlaams Gewest,Région flamande
4458,Wallonische Region,Waals Gewest,Région wallonne
4031,Wallonische Region,Waals Gewest,Région wallonne
4650,Wallonische Region,Waals Gewest,Région wallonne
4560,Wallonische Region,Waals Gewest,Région wallonne
4770,Wallonische Region,Waals Gewest,Région wallonne
6110,Wallonische Region,Waals Gewest,Région wallonne
7034,Wallonische Region,Waals Gewest,Région wallonne
6532,Wallonische Region,Waals Gewest,Région wallonne
6530,Wallonische Region,Waals Gewest,Région wallonne
7604,Wallonische Region,Waals Gewest,Région wallonne
7500,Wallonische Region,Waals Gewest,Région wallonne
7333,Wallonische Region,Waals Gewest,Région wallonne
7803,Wallonische Region,Waals Gewest,Région wallonne
6594,Wallonische Region,Waals Gewest,Région wallonne
7910,Wallonische Region,Waals Gewest,Région wallonne
6120,Wallonische Region,Waals Gewest,Région wallonne
7506,Wallonische Region,Waals Gewest,Région wallonne
7783,Wallonische Region,Waals Gewest,Région wallonne
1200,,Brussels Hoofdstedelijk Gewest,Région de Bruxelles-Capitale
1049,,Brussels Hoofdstedelijk Gewest,Région de Bruxelles-Capitale
1370,Wallonische Region,Waals Gewest,Région wallonne
2590,,Vlaams Gewest,Région flamande
2431,,Vlaams Gewest,Région flamande
2801,,Vlaams Gewest,Région flamande
5560,Wallonische Region,Waals Gewest,Région wallonne
5363,Wallonische Region,Waals Gewest,Région wallonne
5600,Wallonische Region,Waals Gewest,Région wallonne
5641,Wallonische Region,Waals Gewest,Région wallonne
5501,Wallonische Region,Waals Gewest,Région wallonne
5651,Wallonische Region,Waals Gewest,Région wallonne
5030,Wallonische Region,Waals Gewest,Région wallonne
5150,Wallonische Region,Waals Gewest,Région wallonne
3660,,Vlaams Gewest,Région flamande
8610,,Vlaams Gewest,Région flamande
8755,,Vlaams Gewest,Région flamande
6660,Wallonische Region,Waals Gewest,Région wallonne
6920,Wallonische Region,Waals Gewest,Région wallonne
1820,,Vlaams Gewest,Région flamande
1502,,Vlaams Gewest,Région flamande
3370,,Vlaams Gewest,Région flamande
1852,,Vlaams Gewest,Région flamande
5351,Wallonische Region,Waals Gewest,Région wallonne
5540,Wallonische Region,Waals Gewest,Région wallonne
5550,Wallonische Region,Waals Gewest,Région wallonne
3582,,Vlaams Gewest,Région flamande
3850,,Vlaams Gewest,Région flamande
8480,,Vlaams Gewest,Région flamande
8570,,Vlaams Gewest,Région flamande
8830,,Vlaams Gewest,Région flamande
8978,,Vlaams Gewest,Région flamande
3300,,Vlaams Gewest,Région flamande
3401,,Vlaams Gewest,Région flamande
3210,,Vlaams Gewest,Région flamande
1501,,Vlaams Gewest,Région flamande
1950,,Vlaams Gewest,Région flamande
9771,,Vlaams Gewest,Région flamande
9190,,Vlaams Gewest,Région flamande
9051,,Vlaams Gewest,Région flamande
9700,,Vlaams Gewest,Région flamande
9770,,Vlaams Gewest,Région flamande
4181,Wallonische Region,Waals Gewest,Région wallonne
4342,Wallonische Region,Waals Gewest,Région wallonne
4161,Wallonische Region,Waals Gewest,Région wallonne
4650,Wallonische Region,Waals Gewest,Région wallonne
4257,Wallonische Region,Waals Gewest,Région wallonne
6210,Wallonische Region,Waals Gewest,Région wallonne
7802,Wallonische Region,Waals Gewest,Région wallonne
6200,Wallonische Region,Waals Gewest,Région wallonne
7021,Wallonische Region,Waals Gewest,Région wallonne
1060,,Brussels Hoofdstedelijk Gewest,Région de Bruxelles-Capitale
1300,Wallonische Region,Waals Gewest,Région wallonne
2170,,Vlaams Gewest,Région flamande
2630,,Vlaams Gewest,Région flamande
1033,,Brussels Hoofdstedelijk Gewest,Région de Bruxelles-Capitale
1006,,Brussels Hoofdstedelijk Gewest,Région de Bruxelles-Capitale
1043,,Brussels Hoofdstedelijk Gewest,Région de Bruxelles-Capitale
7000,Wallonische Region,Waals Gewest,Région wallonne
6660,Wallonische Region,Waals Gewest,Région wallonne
6717,Wallonische Region,Waals Gewest,Région wallonne
6761,Wallonische Region,Waals Gewest,Région wallonne
6950,Wallonische Region,Waals Gewest,Région wallonne
6990,Wallonische Region,Waals Gewest,Région wallonne
3381,,Vlaams Gewest,Région flamande
3052,,Vlaams Gewest,Région flamande
1673,,Vlaams Gewest,Région flamande
3140,,Vlaams Gewest,Région flamande
5333,Wallonische Region,Waals Gewest,Région wallonne
3650,,Vlaams Gewest,Région flamande
3665,,Vlaams Gewest,Région flamande
3720,,Vlaams Gewest,Région flamande
3970,,Vlaams Gewest,Région flamande
8650,,Vlaams Gewest,Région flamande
8750,,Vlaams Gewest,Région flamande
8770,,Vlaams Gewest,Région flamande
6640,Wallonische Region,Waals Gewest,Région wallonne
6687,Wallonische Region,Waals Gewest,Région wallonne
1570,,Vlaams Gewest,Région flamande
9032,,Vlaams Gewest,Région flamande
9630,,Vlaams Gewest,Région flamande
9130,,Vlaams Gewest,Région flamande
4540,Wallonische Region,Waals Gewest,Région wallonne
4367,Wallonische Region,Waals Gewest,Région wallonne
4834,Wallonische Region,Waals Gewest,Région wallonne
4602,Wallonische Region,Waals Gewest,Région wallonne
4020,Wallonische Region,Waals Gewest,Région wallonne
4300,Wallonische Region,Waals Gewest,Région wallonne
4608,Wallonische Region,Waals Gewest,Région wallonne
7712,Wallonische Region,Waals Gewest,Région wallonne
6032,Wallonische Region,Waals Gewest,Région wallonne
1081,,Brussels Hoofdstedelijk Gewest,Région de Bruxelles-Capitale
1050,,Brussels Hoofdstedelijk Gewest,Région de Bruxelles-Capitale
2330,,Vlaams Gewest,Région flamande
2500,,Vlaams Gewest,Région flamande
5012,Wallonische Region,Waals Gewest,Région wallonne
5502,Wallonische Region,Waals Gewest,Région wallonne
5572,Wallonische Region,Waals Gewest,Région wallonne
5580,Wallonische Region,Waals Gewest,Région wallonne
3560,,Vlaams Gewest,Région flamande
3690,,Vlaams Gewest,Région flamande
6723,Wallonische Region,Waals Gewest,Région wallonne
6820,Wallonische Region,Waals Gewest,Région wallonne
6940,Wallonische Region,Waals Gewest,Région wallonne
1880,,Vlaams Gewest,Région flamande
1790,,Vlaams Gewest,Région flamande
3293,,Vlaams Gewest,Région flamande
1785,,Vlaams Gewest,Région flamande
9406,,Vlaams Gewest,Région flamande
9971,,Vlaams Gewest,Région flamande
9403,,Vlaams Gewest,Région flamande
9940,,Vlaams Gewest,Région flamande
9982,,Vlaams Gewest,Région flamande
9572,,Vlaams Gewest,Région flamande
9280,,Vlaams Gewest,Région flamande
4610,Wallonische Region,Waals Gewest,Région wallonne
4851,Wallonische Region,Waals Gewest,Région wallonne
4680,Wallonische Region,Waals Gewest,Région wallonne
4790,Wallonische Region,Waals Gewest,Région wallonne
4800,Wallonische Region,Waals Gewest,Région wallonne
4870,Wallonische Region,Waals Gewest,Région wallonne
4800,Wallonische Region,Waals Gewest,Région wallonne
4701,Wallonische Region,Waals Gewest,Région wallonne
4032,Wallonische Region,Waals Gewest,Région wallonne
6533,Wallonische Region,Waals Gewest,Région wallonne
7120,Wallonische Region,Waals Gewest,Région wallonne
7534,Wallonische Region,Waals Gewest,Région wallonne
7543,Wallonische Region,Waals Gewest,Région wallonne
7943,Wallonische Region,Waals Gewest,Région wallonne
6540,Wallonische Region,Waals Gewest,Région wallonne
7536,Wallonische Region,Waals Gewest,Région wallonne
7901,Wallonische Region,Waals Gewest,Région wallonne
7903,Wallonische Region,Waals Gewest,Région wallonne
7141,Wallonische Region,Waals Gewest,Région wallonne
1011,,Brussels Hoofdstedelijk Gewest,Région de Bruxelles-Capitale
1030,,Brussels Hoofdstedelijk Gewest,Région de Bruxelles-Capitale
1450,Wallonische Region,Waals Gewest,Région wallonne
1461,Wallonische Region,Waals Gewest,Région wallonne
2840,,Vlaams Gewest,Région flamande
4672,Wallonische Region,Waals Gewest,Région wallonne
4451,Wallonische Region,Waals Gewest,Région wallonne
4621,Wallonische Region,Waals Gewest,Région wallonne
7823,Wallonische Region,Waals Gewest,Région wallonne
7191,Wallonische Region,Waals Gewest,Région wallonne
6462,Wallonische Region,Waals Gewest,Région wallonne
7623,Wallonische Region,Waals Gewest,Région wallonne
6075,Wallonische Region,Waals Gewest,Région wallonne
6020,Wallonische Region,Waals Gewest,Région wallonne
7601,Wallonische Region,Waals Gewest,Région wallonne
7061,Wallonische Region,Waals Gewest,Région wallonne
1020,,Brussels Hoofdstedelijk Gewest,Région de Bruxelles-Capitale
1090,,Brussels Hoofdstedelijk Gewest,Région de Bruxelles-Capitale
1301,Wallonische Region,Waals Gewest,Région wallonne
1330,Wallonische Region,Waals Gewest,Région wallonne
2610,,Vlaams Gewest,Région flamande
9570,,Vlaams Gewest,Région flamande
9830,,Vlaams Gewest,Région flamande
9300,,Vlaams Gewest,Région flamande
9340,,Vlaams Gewest,Région flamande
9600,,Vlaams Gewest,Région flamande
9981,,Vlaams Gewest,Région flamande
9850,,Vlaams Gewest,Région flamande
9500,,Vlaams Gewest,Région flamande
9170,,Vlaams Gewest,Région flamande
4624,Wallonische Region,Waals Gewest,Région wallonne
4577,Wallonische Region,Waals Gewest,Région wallonne
4260,Wallonische Region,Waals Gewest,Région wallonne
4821,Wallonische Region,Waals Gewest,Région wallonne
4500,Wallonische Region,Waals Gewest,Région wallonne
4782,Wallonische Region,Waals Gewest,Région wallonne
4671,Wallonische Region,Waals Gewest,Région wallonne
4000,Wallonische Region,Waals Gewest,Région wallonne
4260,Wallonische Region,Waals Gewest,Région wallonne
5024,Wallonische Region,Waals Gewest,Région wallonne
5170,Wallonische Region,Waals Gewest,Région wallonne
5590,Wallonische Region,Waals Gewest,Région wallonne
3724,,Vlaams Gewest,Région flamande
3746,,Vlaams Gewest,Région flamande
8301,,Vlaams Gewest,Région flamande
8310,,Vlaams Gewest,Région flamande
8421,,Vlaams Gewest,Région flamande
8647,,Vlaams Gewest,Région flamande
8660,,Vlaams Gewest,Région flamande
8800,,Vlaams Gewest,Région flamande
8820,,Vlaams Gewest,Région flamande
8957,,Vlaams Gewest,Région flamande
6686,Wallonische Region,Waals Gewest,Région wallonne
6698,Wallonische Region,Waals Gewest,Région wallonne
6742,Wallonische Region,Waals Gewest,Région wallonne
6836,Wallonische Region,Waals Gewest,Région wallonne
6850,Wallonische Region,Waals Gewest,Région wallonne
6921,Wallonische Region,Waals Gewest,Région wallonne
1931,,Vlaams Gewest,Région flamande
3130,,Vlaams Gewest,Région flamande
3012,,Vlaams Gewest,Région flamande
3271,,Vlaams Gewest,Région flamande
3061,,Vlaams Gewest,Région flamande
1547,,Vlaams Gewest,Région flamande
9400,,Vlaams Gewest,Région flamande
9960,,Vlaams Gewest,Région flamande
9400,,Vlaams Gewest,Région flamande
4650,Wallonische Region,Waals Gewest,Région wallonne
4840,Wallonische Region,Waals Gewest,Région wallonne
4537,Wallonische Region,Waals Gewest,Région wallonne
7513,Wallonische Region,Waals Gewest,Région wallonne
7850,Wallonische Region,Waals Gewest,Région wallonne
7971,Wallonische Region,Waals Gewest,Région wallonne
7501,Wallonische Region,Waals Gewest,Région wallonne
7160,Wallonische Region,Waals Gewest,Région wallonne
7643,Wallonische Region,Waals Gewest,Région wallonne
7642,Wallonische Region,Waals Gewest,Région wallonne
7870,Wallonische Region,Waals Gewest,Région wallonne
6543,Wallonische Region,Waals Gewest,Région wallonne
7387,Wallonische Region,Waals Gewest,Région wallonne
1035,,Brussels Hoofdstedelijk Gewest,Région de Bruxelles-Capitale
1348,Wallonische Region,Waals Gewest,Région wallonne
1470,Wallonische Region,Waals Gewest,Région wallonne
2930,,Vlaams Gewest,Région flamande
2920,,Vlaams Gewest,Région flamande
2180,,Vlaams Gewest,Région flamande
2660,,Vlaams Gewest,Région flamande
5560,Wallonische Region,Waals Gewest,Région wallonne
3500,,Vlaams Gewest,Région flamande
3511,,Vlaams Gewest,Région flamande
3570,,Vlaams Gewest,Région flamande
3920,,Vlaams Gewest,Région flamande
8450,,Vlaams Gewest,Région flamande
8501,,Vlaams Gewest,Région flamande
8510,,Vlaams Gewest,Région flamande
8551,,Vlaams Gewest,Région flamande
8793,,Vlaams Gewest,Région flamande
8860,,Vlaams Gewest,Région flamande
8950,,Vlaams Gewest,Région flamande
8953,,Vlaams Gewest,Région flamande
6750,Wallonische Region,Waals Gewest,Région wallonne
6762,Wallonische Region,Waals Gewest,Région wallonne
1652,,Vlaams Gewest,Région flamande
1701,,Vlaams Gewest,Région flamande
1620,,Vlaams Gewest,Région flamande
5060,Wallonische Region,Waals Gewest,Région wallonne
5374,Wallonische Region,Waals Gewest,Région wallonne
612,,,
5362,Wallonische Region,Waals Gewest,Région wallonne
3631,,Vlaams Gewest,Région flamande
3971,,Vlaams Gewest,Région flamande
8500,,Vlaams Gewest,Région flamande
8710,,Vlaams Gewest,Région flamande
6743,Wallonische Region,Waals Gewest,Région wallonne
6790,Wallonische Region,Waals Gewest,Région wallonne
6811,Wallonische Region,Waals Gewest,Région wallonne
6856,Wallonische Region,Waals Gewest,Région wallonne
6887,Wallonische Region,Waals Gewest,Région wallonne
6972,Wallonische Region,Waals Gewest,Région wallonne
3221,,Vlaams Gewest,Région flamande
3000,,Vlaams Gewest,Région flamande
1980,,Vlaams Gewest,Région flamande
3220,,Vlaams Gewest,Région flamande
1861,,Vlaams Gewest,Région flamande
1760,,Vlaams Gewest,Région flamande
1670,,Vlaams Gewest,Région flamande
1755,,Vlaams Gewest,Région flamande
3460,,Vlaams Gewest,Région flamande
7022,Wallonische Region,Waals Gewest,Région wallonne
7533,Wallonische Region,Waals Gewest,Région wallonne
7090,Wallonische Region,Waals Gewest,Région wallonne
7032,Wallonische Region,Waals Gewest,Région wallonne
1082,,Brussels Hoofdstedelijk Gewest,Région de Bruxelles-Capitale
1400,Wallonische Region,Waals Gewest,Région wallonne
2812,,Vlaams Gewest,Région flamande
2910,,Vlaams Gewest,Région flamande
2990,,Vlaams Gewest,Région flamande
9320,,Vlaams Gewest,Région flamande
9090,,Vlaams Gewest,Région flamande
9230,,Vlaams Gewest,Région flamande
9880,,Vlaams Gewest,Région flamande
9970,,Vlaams Gewest,Région flamande
9420,,Vlaams Gewest,Région flamande
9260,,Vlaams Gewest,Région flamande
4721,Wallonische Region,Waals Gewest,Région wallonne
4350,Wallonische Region,Waals Gewest,Région wallonne
4100,Wallonische Region,Waals Gewest,Région wallonne
4852,Wallonische Region,Waals Gewest,Région wallonne
4218,Wallonische Region,Waals Gewest,Région wallonne
7511,Wallonische Region,Waals Gewest,Région wallonne
7800,Wallonische Region,Waals Gewest,Région wallonne
6986,Wallonische Region,Waals Gewest,Région wallonne
3471,,Vlaams Gewest,Région flamande
3110,,Vlaams Gewest,Région flamande
9255,,Vlaams Gewest,Région flamande
9660,,Vlaams Gewest,Région flamande
9551,,Vlaams Gewest,Région flamande
4000,Wallonische Region,Waals Gewest,Région wallonne
4347,Wallonische Region,Waals Gewest,Région wallonne
4791,Wallonische Region,Waals Gewest,Région wallonne
4219,Wallonische Region,Waals Gewest,Région wallonne
4052,Wallonische Region,Waals Gewest,Région wallonne
4633,Wallonische Region,Waals Gewest,Région wallonne
6180,Wallonische Region,Waals Gewest,Région wallonne
7060,Wallonische Region,Waals Gewest,Région wallonne
6030,Wallonische Region,Waals Gewest,Région wallonne
6099,Wallonische Region,Waals Gewest,Région wallonne
6463,Wallonische Region,Waals Gewest,Région wallonne
7742,Wallonische Region,Waals Gewest,Région wallonne
6183,Wallonische Region,Waals Gewest,Région wallonne
5353,Wallonische Region,Waals Gewest,Région wallonne
3540,,Vlaams Gewest,Région flamande
3668,,Vlaams Gewest,Région flamande
3890,,Vlaams Gewest,Région flamande
8902,,Vlaams Gewest,Région flamande
8958,,Vlaams Gewest,Région flamande
8980,,Vlaams Gewest,Région flamande
6851,Wallonische Region,Waals Gewest,Région wallonne
6929,Wallonische Region,Waals Gewest,Région wallonne
7390,Wallonische Region,Waals Gewest,Région wallonne
6220,Wallonische Region,Waals Gewest,Région wallonne
7133,Wallonische Region,Waals Gewest,Région wallonne
1212,,Brussels Hoofdstedelijk Gewest,Région de Bruxelles-Capitale
1210,,Brussels Hoofdstedelijk Gewest,Région de Bruxelles-Capitale
1083,,Brussels Hoofdstedelijk Gewest,Région de Bruxelles-Capitale
1190,,Brussels Hoofdstedelijk Gewest,Région de Bruxelles-Capitale
1357,Wallonische Region,Waals Gewest,Région wallonne
1367,Wallonische Region,Waals Gewest,Région wallonne
1428,Wallonische Region,Waals Gewest,Région wallonne
2540,,Vlaams Gewest,Région flamande
2970,,Vlaams Gewest,Région flamande
2290,,Vlaams Gewest,Région flamande
5589,Wallonische Region,Waals Gewest,Région wallonne
5620,Wallonische Region,Waals Gewest,Région wallonne
5575,Wallonische Region,Waals Gewest,Région wallonne
5650,Wallonische Region,Waals Gewest,Région wallonne
5334,Wallonische Region,Waals Gewest,Région wallonne
3545,,Vlaams Gewest,Région flamande
8540,,Vlaams Gewest,Région flamande
8587,,Vlaams Gewest,Région flamande
8906,,Vlaams Gewest,Région flamande
6663,Wallonische Region,Waals Gewest,Région wallonne
6724,Wallonische Region,Waals Gewest,Région wallonne
1935,,Vlaams Gewest,Région flamande
3090,,Vlaams Gewest,Région flamande
1851,,Vlaams Gewest,Région flamande
3001,,Vlaams Gewest,Région flamande
9050,,Vlaams Gewest,Région flamande
9930,,Vlaams Gewest,Région flamande
9890,,Vlaams Gewest,Région flamande
4530,Wallonische Region,Waals Gewest,Région wallonne
4252,Wallonische Region,Waals Gewest,Région wallonne
4783,Wallonische Region,Waals Gewest,Région wallonne
4041,Wallonische Region,Waals Gewest,Région wallonne
4771,Wallonische Region,Waals Gewest,Région wallonne
7033,Wallonische Region,Waals Gewest,Région wallonne
6593,Wallonische Region,Waals Gewest,Région wallonne
6141,Wallonische Region,Waals Gewest,Région wallonne
7973,Wallonische Region,Waals Gewest,Région wallonne
6596,Wallonische Region,Waals Gewest,Région wallonne
7940,Wallonische Region,Waals Gewest,Région wallonne
7781,Wallonische Region,Waals Gewest,Région wallonne
6441,Wallonische Region,Waals Gewest,Région wallonne
7890,Wallonische Region,Waals Gewest,Région wallonne
6238,Wallonische Region,Waals Gewest,Région wallonne
7063,Wallonische Region,Waals Gewest,Région wallonne
6224,Wallonische Region,Waals Gewest,Région wallonne
7030,Wallonische Region,Waals Gewest,Région wallonne
1180,,Brussels Hoofdstedelijk Gewest,Région de Bruxelles-Capitale
1421,Wallonische Region,Waals Gewest,Région wallonne
2230,,Vlaams Gewest,Région flamande
2100,,Vlaams Gewest,Région flamande
5330,Wallonische Region,Waals Gewest,Région wallonne
5562,Wallonische Region,Waals Gewest,Région wallonne
3870,,Vlaams Gewest,Région flamande
8211,,Vlaams Gewest,Région flamande
8890,,Vlaams Gewest,Région flamande
6984,Wallonische Region,Waals Gewest,Région wallonne
3078,,Vlaams Gewest,Région flamande
3384,,Vlaams Gewest,Région flamande
3191,,Vlaams Gewest,Région flamande
5680,Wallonische Region,Waals Gewest,Région wallonne
1080,,Brussels Hoofdstedelijk Gewest,Région de Bruxelles-Capitale
2600,,Vlaams Gewest,Région flamande
2340,,Vlaams Gewest,Région flamande
2861,,Vlaams Gewest,Région flamande
2440,,Vlaams Gewest,Région flamande
2070,,Vlaams Gewest,Région flamande
2880,,Vlaams Gewest,Région flamande
2221,,Vlaams Gewest,Région flamande
1009,,Brussels Hoofdstedelijk Gewest,Région de Bruxelles-Capitale
1048,,Brussels Hoofdstedelijk Gewest,Région de Bruxelles-Capitale
3190,,Vlaams Gewest,Région flamande
9800,,Vlaams Gewest,Région flamande
4780,Wallonische Region,Waals Gewest,Région wallonne
4630,Wallonische Region,Waals Gewest,Région wallonne
4760,Wallonische Region,Waals Gewest,Région wallonne
4171,Wallonische Region,Waals Gewest,Région wallonne
4360,Wallonische Region,Waals Gewest,Région wallonne
7880,Wallonische Region,Waals Gewest,Région wallonne
7538,Wallonische Region,Waals Gewest,Région wallonne
6530,Wallonische Region,Waals Gewest,Région wallonne
6280,Wallonische Region,Waals Gewest,Région wallonne
6592,Wallonische Region,Waals Gewest,Région wallonne
5350,Wallonische Region,Waals Gewest,Région wallonne
5330,Wallonische Region,Waals Gewest,Région wallonne
5020,Wallonische Region,Waals Gewest,Région wallonne
3520,,Vlaams Gewest,Région flamande
3721,,Vlaams Gewest,Région flamande
6780,Wallonische Region,Waals Gewest,Région wallonne
6791,Wallonische Region,Waals Gewest,Région wallonne
6960,Wallonische Region,Waals Gewest,Région wallonne
8470,,Vlaams Gewest,Région flamande
8580,,Vlaams Gewest,Région flamande
1761,,Vlaams Gewest,Région flamande
9052,,Vlaams Gewest,Région flamande
9910,,Vlaams Gewest,Région flamande
4162,Wallonische Region,Waals Gewest,Région wallonne
4683,Wallonische Region,Waals Gewest,Région wallonne
4254,Wallonische Region,Waals Gewest,Région wallonne
4650,Wallonische Region,Waals Gewest,Région wallonne
4820,Wallonische Region,Waals Gewest,Région wallonne
4654,Wallonische Region,Waals Gewest,Région wallonne
4430,Wallonische Region,Waals Gewest,Région wallonne
6440,Wallonische Region,Waals Gewest,Région wallonne
7911,Wallonische Region,Waals Gewest,Région wallonne
7024,Wallonische Region,Waals Gewest,Région wallonne
7012,Wallonische Region,Waals Gewest,Région wallonne
7810,Wallonische Region,Waals Gewest,Région wallonne
1044,,Brussels Hoofdstedelijk Gewest,Région de Bruxelles-Capitale
1380,Wallonische Region,Waals Gewest,Région wallonne
2099,,Vlaams Gewest,Région flamande
2220,,Vlaams Gewest,Région flamande
2250,,Vlaams Gewest,Région flamande
2050,,Vlaams Gewest,Région flamande
2288,,Vlaams Gewest,Région flamande
9921,,Vlaams Gewest,Région flamande
9931,,Vlaams Gewest,Région flamande
4170,Wallonische Region,Waals Gewest,Région wallonne
4400,Wallonische Region,Waals Gewest,Région wallonne
4122,Wallonische Region,Waals Gewest,Région wallonne
4121,Wallonische Region,Waals Gewest,Région wallonne
4099,Wallonische Region,Waals Gewest,Région wallonne
4631,Wallonische Region,Waals Gewest,Région wallonne
4890,Wallonische Region,Waals Gewest,Région wallonne
4470,Wallonische Region,Waals Gewest,Région wallonne
7542,Wallonische Region,Waals Gewest,Région wallonne
7331,Wallonische Region,Waals Gewest,Région wallonne
7600,Wallonische Region,Waals Gewest,Région wallonne
6111,Wallonische Region,Waals Gewest,Région wallonne
6040,Wallonische Region,Waals Gewest,Région wallonne
7520,Wallonische Region,Waals Gewest,Région wallonne
1341,Wallonische Region,Waals Gewest,Région wallonne
1350,Wallonische Region,Waals Gewest,Région wallonne
2242,,Vlaams Gewest,Région flamande
2850,,Vlaams Gewest,Région flamande
2491,,Vlaams Gewest,Région flamande
2480,,Vlaams Gewest,Région flamande
5310,Wallonische Region,Waals Gewest,Région wallonne
5670,Wallonische Region,Waals Gewest,Région wallonne
3792,,Vlaams Gewest,Région flamande
8620,,Vlaams Gewest,Région flamande
8951,,Vlaams Gewest,Région flamande
6670,Wallonische Region,Waals Gewest,Région wallonne
6721,Wallonische Region,Waals Gewest,Région wallonne
6767,Wallonische Region,Waals Gewest,Région wallonne
1934,,Vlaams Gewest,Région flamande
3018,,Vlaams Gewest,Région flamande
3201,,Vlaams Gewest,Région flamande
3360,,Vlaams Gewest,Région flamande
3080,,Vlaams Gewest,Région flamande
3380,,Vlaams Gewest,Région flamande
1651,,Vlaams Gewest,Région flamande
2322,,Vlaams Gewest,Région flamande
6642,Wallonische Region,Waals Gewest,Région wallonne
